{"cameraMode":{"drawMode":0,"name":"Shaded","section":"Shading Mode"},"sceneLighting":true,"audioPlay":true,"sceneViewState":{"showFog":true,"showMaterialUpdate":false,"showSkybox":true,"showFlares":true,"showImageEffects":true,"showParticleSystems":true},"in2DMode":false,"pivot":{"x":7.400746822357178,"y":0.8358437418937683,"z":0.7488427758216858},"rotation":{"x":-0.11066020280122757,"y":0.0447080060839653,"z":-0.004983075428754091,"w":-0.9928397536277771},"size":19.099485397338868,"orthographic":false}